{
    "total_runtime": 8.333188772201538,
    "num_documents": 1,
    "input_load_time": 0,
    "workflows": {
        "create_base_text_units": {
            "overall": 8.13638162612915,
            "0_orderby": 0.012371063232421875,
            "1_zip": 0.0035479068756103516,
            "2_aggregate_override": 0.006766080856323242,
            "3_chunk": 8.017362833023071,
            "4_select": 0.0065517425537109375,
            "5_unroll": 0.011602163314819336,
            "6_rename": 0.006337881088256836,
            "7_genid": 0.02487659454345703,
            "8_unzip": 0.008333206176757812,
            "9_copy": 0.00637364387512207,
            "10_filter": 0.030011892318725586
        }
    }
}